{
  "0": {
    "InterpersonalIntelligence": 1.9056743147031656,
    "LogicalMathematicalIntelligence": 1.794473621569532,
    "SpatialIntelligence": 2.785014313029212,
    "LinguisticIntelligence": 1.8933750000000003,
    "MusicalIntelligence": 1.3708826501154734
  }
}