{
  "0": {
    "IntrapersonalIntelligence": 2.140782451970967,
    "InterpersonalIntelligence": 1.053957331008442,
    "LinguisticIntelligence": 0.4713725457537132,
    "SpatialIntelligence": 0.5020770766773163
  },
  "1": {
    "MusicalIntelligence": 2.2604543191152913,
    "BodilyKinestheticIntelligence": 1.4850603883097893,
    "LogicalMathematicalIntelligence": 1.370807929069244,
    "SpatialIntelligence": 0.8217237903225806
  },
  "2": {
    "BodilyKinestheticIntelligence": 7.14152111639795,
    "IntrapersonalIntelligence": 0.5990519970165533,
    "LogicalMathematicalIntelligence": 0.5968089465022862,
    "MusicalIntelligence": 1.3436322936097242,
    "InterpersonalIntelligence": 0.511159090909091
  }
}