{
  "0": {
    "BodilyKinestheticIntelligence": 7.728928200753469,
    "SpatialIntelligence": 2.2558638996138995,
    "LinguisticIntelligence": 0.7531853281853282,
    "IntrapersonalIntelligence": 1.2671235521235522,
    "InterpersonalIntelligence": 0.553148166023166
  }
}