{
  "0": {
    "LinguisticIntelligence": 2.125977440656474,
    "BodilyKinestheticIntelligence": 3.8249191102605082,
    "SpatialIntelligence": 0.7321914225941423,
    "InterpersonalIntelligence": 0.4594801255230126
  }
}