{
  "0": {
    "BodilyKinestheticIntelligence": 1.7259752530049741,
    "LogicalMathematicalIntelligence": 0.6999773462683342,
    "IntrapersonalIntelligence": 1.0752577684446316
  },
  "1": {
    "BodilyKinestheticIntelligence": 0.8770524190129585,
    "LogicalMathematicalIntelligence": 1.8499436882795819
  }
}