{
  "0": {
    "LogicalMathematicalIntelligence": 1.3426512158034791,
    "BodilyKinestheticIntelligence": 0.5991970772347974,
    "InterpersonalIntelligence": 1.671368343675831
  },
  "1": {
    "BodilyKinestheticIntelligence": 3.4693102365492585,
    "NaturalistIntelligence": 2.755578721350785
  },
  "2": {
    "LogicalMathematicalIntelligence": 1.8954610805126282,
    "NaturalistIntelligence": 0.4370702695554828
  }
}