{
  "0": {
    "MusicalIntelligence": 4.061247976547422,
    "LogicalMathematicalIntelligence": 2.5260031609731275,
    "BodilyKinestheticIntelligence": 1.4727959866263394,
    "LinguisticIntelligence": 0.7761858059914408
  }
}