{
  "0": {
    "LogicalMathematicalIntelligence": 0.5818001314698191,
    "BodilyKinestheticIntelligence": 1.022990639022036,
    "NaturalistIntelligence": 1.2142136999700652
  },
  "1": {
    "LogicalMathematicalIntelligence": 2.384733547919919,
    "LinguisticIntelligence": 1.1794741660276813,
    "BodilyKinestheticIntelligence": 1.0086521885172368
  }
}