{
  "0": {
    "LogicalMathematicalIntelligence": 0.7571219747639534,
    "SpatialIntelligence": 1.435946958985081,
    "LinguisticIntelligence": 0.631125,
    "MusicalIntelligence": 0.631125
  }
}