{
  "0": {
    "BodilyKinestheticIntelligence": 2.826894054556742,
    "InterpersonalIntelligence": 5.832721724255433,
    "LinguisticIntelligence": 1.7125654831030592
  }
}