{
  "0": {
    "LogicalMathematicalIntelligence": 4.2909404069493196,
    "IntrapersonalIntelligence": 0.6933042277023759,
    "LinguisticIntelligence": 0.631125,
    "SpatialIntelligence": 0.9235017123287671,
    "MusicalIntelligence": 0.9235017123287671
  }
}