{
  "0": {
    "InterpersonalIntelligence": 3.356923914919335,
    "IntrapersonalIntelligence": 1.2648033605072846,
    "BodilyKinestheticIntelligence": 1.364058962863842,
    "LinguisticIntelligence": 1.1025550001053248,
    "SpatialIntelligence": 0.631125
  }
}