{
  "0": {
    "BodilyKinestheticIntelligence": 1.1838456349121893,
    "MusicalIntelligence": 5.299382362970471,
    "LinguisticIntelligence": 2.5995018817941555
  }
}