{
  "0": {
    "BodilyKinestheticIntelligence": 4.737999694542082,
    "LogicalMathematicalIntelligence": 0.5250215663560301,
    "LinguisticIntelligence": 1.2853166611059523,
    "IntrapersonalIntelligence": 0.7440568217922255,
    "InterpersonalIntelligence": 0.5056447465225145,
    "SpatialIntelligence": 1.6104067695961997
  }
}