{
  "0": {
    "InterpersonalIntelligence": 0.7584148744432297,
    "BodilyKinestheticIntelligence": 2.9493956624325035,
    "LinguisticIntelligence": 0.6640243902439025
  }
}