{
  "0": {
    "BodilyKinestheticIntelligence": 4.590608805703562,
    "InterpersonalIntelligence": 1.2286479513487198,
    "LinguisticIntelligence": 1.1108510429971086
  }
}