{
  "0": {
    "BodilyKinestheticIntelligence": 5.884833727776231,
    "SpatialIntelligence": 1.434375,
    "LinguisticIntelligence": 0.7569825327510917,
    "MusicalIntelligence": 0.7171875,
    "InterpersonalIntelligence": 0.631125,
    "IntrapersonalIntelligence": 0.4648460698689957
  }
}