{
  "0": {
    "LinguisticIntelligence": 3.8487324745183287,
    "SpatialIntelligence": 2.067246767825159,
    "IntrapersonalIntelligence": 1.0532676837402424,
    "BodilyKinestheticIntelligence": 1.3849318421052632
  }
}