{
  "0": {
    "LogicalMathematicalIntelligence": 0.964738752036561,
    "SpatialIntelligence": 1.3483125
  }
}