{
  "0": {
    "LinguisticIntelligence": 3.3068428961508474,
    "SpatialIntelligence": 3.6693829372643654,
    "InterpersonalIntelligence": 3.080775791524246,
    "BodilyKinestheticIntelligence": 1.5804456521739132
  }
}