{
  "0": {
    "BodilyKinestheticIntelligence": 2.2889816056740884,
    "MusicalIntelligence": 0.6571481990189694,
    "LogicalMathematicalIntelligence": 0.6072382092200603,
    "NaturalistIntelligence": 0.498384533898305
  },
  "1": {
    "LogicalMathematicalIntelligence": 1.1324400263740184,
    "NaturalistIntelligence": 0.6530761282235705
  }
}