{
  "0": {
    "BodilyKinestheticIntelligence": 2.6976771180093593,
    "InterpersonalIntelligence": 1.0932947766951007,
    "LogicalMathematicalIntelligence": 1.043031936667699
  },
  "1": {
    "SpatialIntelligence": 1.4990905303476818,
    "BodilyKinestheticIntelligence": 3.0044545627628647,
    "LogicalMathematicalIntelligence": 0.8028092802409932
  }
}