{
  "0": {
    "LinguisticIntelligence": 3.24422781275819,
    "IntrapersonalIntelligence": 0.9542682510368219,
    "SpatialIntelligence": 0.9050518134715027
  }
}