{
  "0": {
    "LogicalMathematicalIntelligence": 2.2389147714641435,
    "LinguisticIntelligence": 0.631125,
    "SpatialIntelligence": 0.9417978589420655
  }
}