{
  "0": {
    "LinguisticIntelligence": 5.211742238736367,
    "BodilyKinestheticIntelligence": 0.3416524913719502,
    "SpatialIntelligence": 2.435203125
  }
}