{
  "0": {
    "NaturalistIntelligence": 2.5041932368138617,
    "InterpersonalIntelligence": 0.43993167719623877
  },
  "1": {
    "LogicalMathematicalIntelligence": 1.184410281224587,
    "SpatialIntelligence": 1.8878012290037711,
    "NaturalistIntelligence": 3.6227479246807963,
    "LinguisticIntelligence": 2.534260389989164
  },
  "2": {
    "NaturalistIntelligence": 0.7927337769245996
  }
}