{
  "0": {
    "BodilyKinestheticIntelligence": 1.3061449205967786,
    "InterpersonalIntelligence": 5.633952858922682,
    "IntrapersonalIntelligence": 1.7946600025936967,
    "LinguisticIntelligence": 0.631125,
    "SpatialIntelligence": 0.771142578125
  }
}