{
  "0": {
    "NaturalistIntelligence": 1.5319946271586868,
    "LinguisticIntelligence": 0.5107207907883335,
    "MusicalIntelligence": 1.4353947915303116
  },
  "1": {
    "BodilyKinestheticIntelligence": 1.2258327137836749,
    "NaturalistIntelligence": 1.0735796837674358,
    "MusicalIntelligence": 0.3786489863615951
  }
}