{
  "0": {
    "BodilyKinestheticIntelligence": 1.155674953794735,
    "NaturalistIntelligence": 0.8507554472477065
  },
  "1": {
    "SpatialIntelligence": 1.881172652923576,
    "LogicalMathematicalIntelligence": 0.5435993278852067,
    "BodilyKinestheticIntelligence": 0.6996813484251969
  },
  "2": {
    "BodilyKinestheticIntelligence": 1.872562058024978
  }
}