{
  "0": {
    "LinguisticIntelligence": 3.5879540099403453,
    "BodilyKinestheticIntelligence": 0.598689012188425,
    "LogicalMathematicalIntelligence": 0.7015345398386721,
    "SpatialIntelligence": 0.7171875
  }
}