{
  "0": {
    "LinguisticIntelligence": 2.5440140945702954,
    "BodilyKinestheticIntelligence": 1.3411495786516854,
    "SpatialIntelligence": 0.8855161516853932
  }
}