{
  "0": {
    "LinguisticIntelligence": 1.8161785804210067,
    "InterpersonalIntelligence": 7.243245347805655,
    "LogicalMathematicalIntelligence": 5.427066767384647
  }
}