{
  "0": {
    "BodilyKinestheticIntelligence": 2.034885513199102,
    "InterpersonalIntelligence": 3.1834963406265304
  }
}