{
  "0": {
    "BodilyKinestheticIntelligence": 2.8074070223294574,
    "InterpersonalIntelligence": 2.406179307706771,
    "LogicalMathematicalIntelligence": 0.541049639272998,
    "LinguisticIntelligence": 0.631125,
    "SpatialIntelligence": 1.3483125
  }
}