{
  "0": {
    "BodilyKinestheticIntelligence": 7.043490540049095,
    "SpatialIntelligence": 2.5213055856832978,
    "MusicalIntelligence": 0.5890997830802602
  }
}