{
  "0": {
    "BodilyKinestheticIntelligence": 5.987269295187858,
    "InterpersonalIntelligence": 2.8123574976927306,
    "SpatialIntelligence": 3.097050635723951,
    "IntrapersonalIntelligence": 1.8109759770208798
  },
  "1": {
    "LinguisticIntelligence": 0.805016353181421,
    "BodilyKinestheticIntelligence": 2.0232524401250833
  }
}