{
  "0": {
    "LinguisticIntelligence": 2.2975738294301222,
    "BodilyKinestheticIntelligence": 2.475484213142846,
    "SpatialIntelligence": 0.9393252212389379
  }
}