{
  "0": {
    "BodilyKinestheticIntelligence": 8.439985354835034,
    "SpatialIntelligence": 1.7158400229357798,
    "InterpersonalIntelligence": 1.06988876146789
  }
}