{
  "0": {
    "InterpersonalIntelligence": 2.54416746552705,
    "LinguisticIntelligence": 3.137108058480603,
    "SpatialIntelligence": 1.434375
  }
}