{
  "0": {
    "LinguisticIntelligence": 2.653416080881778,
    "SpatialIntelligence": 2.0620825652784456,
    "BodilyKinestheticIntelligence": 1.1032864623741845,
    "IntrapersonalIntelligence": 0.510537841191067
  }
}