{
  "0": {
    "InterpersonalIntelligence": 2.2015269093940293,
    "LogicalMathematicalIntelligence": 1.0104458466456274,
    "MusicalIntelligence": 2.695760122638746
  }
}