{
  "0": {
    "MusicalIntelligence": 1.081590562430562,
    "LogicalMathematicalIntelligence": 1.3287412148102367,
    "BodilyKinestheticIntelligence": 0.5913955052956892,
    "IntrapersonalIntelligence": 0.6342918198566952,
    "NaturalistIntelligence": 0.6202208771585362
  },
  "1": {
    "NaturalistIntelligence": 4.891684816398898,
    "MusicalIntelligence": 1.3894231739442051
  }
}