{
  "0": {
    "LogicalMathematicalIntelligence": 2.579217697002522,
    "LinguisticIntelligence": 3.7718030557372195,
    "SpatialIntelligence": 0.7171875,
    "IntrapersonalIntelligence": 0.7490842428376536,
    "MusicalIntelligence": 1.1539967598908594,
    "BodilyKinestheticIntelligence": 0.5349781718963166
  }
}