{
  "0": {
    "BodilyKinestheticIntelligence": 1.1097611160783596,
    "NaturalistIntelligence": 0.3518381937933595
  },
  "1": {
    "BodilyKinestheticIntelligence": 0.889896939008985,
    "NaturalistIntelligence": 1.3026584595604966,
    "IntrapersonalIntelligence": 1.3876752834653703
  },
  "2": {
    "BodilyKinestheticIntelligence": 0.4278738335326671,
    "IntrapersonalIntelligence": 2.1601835819786945
  }
}