{
  "0": {
    "LinguisticIntelligence": 4.587651982198925,
    "InterpersonalIntelligence": 3.56435272747165,
    "BodilyKinestheticIntelligence": 2.3463984375000004,
    "SpatialIntelligence": 0.9448660714285715,
    "IntrapersonalIntelligence": 0.631125
  },
  "1": {
    "LinguisticIntelligence": 2.09840501940932,
    "IntrapersonalIntelligence": 1.2689271779179405,
    "InterpersonalIntelligence": 1.1796624661342632
  }
}