{
  "0": {
    "InterpersonalIntelligence": 4.559124853574813,
    "IntrapersonalIntelligence": 4.019060120253121,
    "BodilyKinestheticIntelligence": 2.2714548716012084
  }
}