{
  "0": {
    "BodilyKinestheticIntelligence": 4.304536838621562,
    "MusicalIntelligence": 2.110062901000593,
    "IntrapersonalIntelligence": 0.5681778892059534
  }
}