{
  "0": {
    "LogicalMathematicalIntelligence": 2.558125075620324,
    "LinguisticIntelligence": 0.7942898622047244,
    "SpatialIntelligence": 0.9430733267716535,
    "InterpersonalIntelligence": 1.1429822834645669
  }
}