{
  "0": {
    "LogicalMathematicalIntelligence": 2.390400512093621,
    "InterpersonalIntelligence": 0.48982848763635245,
    "LinguisticIntelligence": 0.631125,
    "SpatialIntelligence": 0.9416507633587786
  }
}