{
  "0": {
    "InterpersonalIntelligence": 2.168549907936295,
    "BodilyKinestheticIntelligence": 0.7178961953700875,
    "LinguisticIntelligence": 1.2568283256880735,
    "SpatialIntelligence": 0.7171875
  }
}