{
  "0": {
    "BodilyKinestheticIntelligence": 2.4612560789257936,
    "LinguisticIntelligence": 1.8860400244595996,
    "InterpersonalIntelligence": 3.0570913642112703,
    "IntrapersonalIntelligence": 1.26225
  }
}