{
  "0": {
    "MusicalIntelligence": 2.013445799785544,
    "LogicalMathematicalIntelligence": 2.624695407992814,
    "LinguisticIntelligence": 0.7779852690883392,
    "SpatialIntelligence": 1.7845124282982792
  }
}