{
  "0": {
    "BodilyKinestheticIntelligence": 3.4175812257959306,
    "InterpersonalIntelligence": 1.8450217249982888,
    "LinguisticIntelligence": 1.2672419920166964,
    "SpatialIntelligence": 0.7171875
  }
}