{
  "0": {
    "BodilyKinestheticIntelligence": 1.9754301239587748,
    "LinguisticIntelligence": 1.5370200375012968
  }
}