{
  "0": {
    "LinguisticIntelligence": 4.57844906280143,
    "IntrapersonalIntelligence": 0.6638046116504854,
    "InterpersonalIntelligence": 0.585169296116505,
    "SpatialIntelligence": 0.607520479368932
  },
  "1": {
    "LinguisticIntelligence": 0.496648919346614,
    "InterpersonalIntelligence": 2.4862303972640656,
    "IntrapersonalIntelligence": 1.2814664509038483
  }
}