{
  "0": {
    "LogicalMathematicalIntelligence": 2.448501151696373,
    "BodilyKinestheticIntelligence": 0.5753273890193984,
    "SpatialIntelligence": 1.6903324829256723,
    "LinguisticIntelligence": 0.631125
  }
}