{
  "0": {
    "LinguisticIntelligence": 1.288319524495677,
    "InterpersonalIntelligence": 0.631125
  }
}