{
  "0": {
    "BodilyKinestheticIntelligence": 2.661218595991621,
    "LinguisticIntelligence": 2.7573145740978657,
    "InterpersonalIntelligence": 0.9082485457023795,
    "SpatialIntelligence": 0.7171875
  }
}