{
  "0": {
    "LogicalMathematicalIntelligence": 4.354954693819285,
    "LinguisticIntelligence": 1.7669732142857144,
    "SpatialIntelligence": 1.3483125
  }
}