{
  "0": {
    "BodilyKinestheticIntelligence": 3.255942875730971,
    "InterpersonalIntelligence": 3.3285920008571277,
    "IntrapersonalIntelligence": 1.1053326750615557,
    "SpatialIntelligence": 1.8684175531914895,
    "LinguisticIntelligence": 0.5920340425531916
  }
}