{
  "0": {
    "BodilyKinestheticIntelligence": 3.0147868279148575,
    "InterpersonalIntelligence": 1.1884795074949226,
    "SpatialIntelligence": 1.6562895569620255
  }
}