{
  "0": {
    "BodilyKinestheticIntelligence": 7.655324568043137,
    "LinguisticIntelligence": 2.8530562695033383,
    "SpatialIntelligence": 4.104878048780488,
    "InterpersonalIntelligence": 0.588181211890244
  }
}