{
  "0": {
    "IntrapersonalIntelligence": 0.7302323118213608,
    "InterpersonalIntelligence": 1.7328577817189719,
    "BodilyKinestheticIntelligence": 2.2523145687588877,
    "LinguisticIntelligence": 0.5222018691588786,
    "SpatialIntelligence": 0.7171875
  }
}