{
  "0": {
    "BodilyKinestheticIntelligence": 0.7096953442943619,
    "LogicalMathematicalIntelligence": 1.027367693591466
  },
  "1": {
    "BodilyKinestheticIntelligence": 2.3054646822359177,
    "LogicalMathematicalIntelligence": 0.3807353102840161,
    "NaturalistIntelligence": 0.7402083333333334
  }
}