{
  "0": {
    "BodilyKinestheticIntelligence": 2.8298033134040184,
    "LinguisticIntelligence": 0.3452386864959305
  },
  "1": {
    "LogicalMathematicalIntelligence": 1.7092492379739461,
    "SpatialIntelligence": 0.9326823014262894,
    "BodilyKinestheticIntelligence": 2.5136570059162855
  },
  "2": {
    "BodilyKinestheticIntelligence": 2.1844025756369847
  }
}