{
  "0": {
    "LogicalMathematicalIntelligence": 1.3276891150289643,
    "BodilyKinestheticIntelligence": 2.0952906177237103,
    "InterpersonalIntelligence": 1.9359869848087132,
    "IntrapersonalIntelligence": 1.8309205765518377
  }
}