{
  "0": {
    "BodilyKinestheticIntelligence": 6.139704605338034,
    "SpatialIntelligence": 2.4677882224694168,
    "InterpersonalIntelligence": 6.009940203971641,
    "IntrapersonalIntelligence": 0.631125,
    "LinguisticIntelligence": 1.26414040436457
  }
}