{
  "0": {
    "BodilyKinestheticIntelligence": 2.520162786482131,
    "LogicalMathematicalIntelligence": 1.9044683069283916,
    "IntrapersonalIntelligence": 0.6987084550655174,
    "LinguisticIntelligence": 0.631125
  }
}