{
  "0": {
    "BodilyKinestheticIntelligence": 2.7534650342441522,
    "InterpersonalIntelligence": 1.7941425489605332,
    "SpatialIntelligence": 1.5676400093808631
  }
}