{
  "0": {
    "BodilyKinestheticIntelligence": 0.8613202686973298,
    "NaturalistIntelligence": 2.048893103137437,
    "LogicalMathematicalIntelligence": 0.3179333492334747
  },
  "1": {
    "BodilyKinestheticIntelligence": 3.7562898191697056,
    "InterpersonalIntelligence": 0.7328987927707705
  }
}