{
  "0": {
    "IntrapersonalIntelligence": 1.8928237070402991,
    "LogicalMathematicalIntelligence": 1.2836466243638274,
    "BodilyKinestheticIntelligence": 1.2320541068174813,
    "SpatialIntelligence": 3.0364723505615183,
    "LinguisticIntelligence": 1.238458762886598,
    "MusicalIntelligence": 0.8001610824742269
  }
}