{
  "0": {
    "LogicalMathematicalIntelligence": 2.133490382622108,
    "SpatialIntelligence": 0.7573278014218867,
    "NaturalistIntelligence": 2.2156336084204415,
    "InterpersonalIntelligence": 0.6306450570342206
  },
  "1": {
    "BodilyKinestheticIntelligence": 3.0315539900728172,
    "LogicalMathematicalIntelligence": 0.5368072006753443,
    "NaturalistIntelligence": 0.4667336548627731
  }
}