{
  "0": {
    "LogicalMathematicalIntelligence": 1.3508193789444214,
    "SpatialIntelligence": 2.005763518267613
  },
  "1": {
    "LogicalMathematicalIntelligence": 3.383360405601318,
    "SpatialIntelligence": 0.5891895474059677,
    "BodilyKinestheticIntelligence": 1.2818150766483647
  }
}