{
  "0": {
    "SpatialIntelligence": 4.211902007312202,
    "BodilyKinestheticIntelligence": 2.3165311036249463,
    "IntrapersonalIntelligence": 2.058451517092058,
    "LinguisticIntelligence": 0.44041697402541635,
    "InterpersonalIntelligence": 0.631125
  }
}