{
  "0": {
    "LinguisticIntelligence": 2.758263209509362,
    "InterpersonalIntelligence": 1.275332142857143,
    "SpatialIntelligence": 0.937767857142857,
    "BodilyKinestheticIntelligence": 1.541651785714286
  }
}