{
  "0": {
    "LinguisticIntelligence": 2.0000750911743235,
    "BodilyKinestheticIntelligence": 0.7171875,
    "IntrapersonalIntelligence": 0.7171875
  }
}