{
  "0": {
    "BodilyKinestheticIntelligence": 0.5828758457074636,
    "InterpersonalIntelligence": 1.3238840486544547,
    "SpatialIntelligence": 2.8496571529633687
  }
}