{
  "0": {
    "BodilyKinestheticIntelligence": 3.1601150007764205
  },
  "1": {
    "LogicalMathematicalIntelligence": 2.7575689446371454,
    "BodilyKinestheticIntelligence": 1.8903528629634279,
    "InterpersonalIntelligence": 1.2666700644994533,
    "NaturalistIntelligence": 0.47237312030075196
  }
}