{
  "0": {
    "NaturalistIntelligence": 1.4133001334610946,
    "SpatialIntelligence": 1.9591295425855202
  },
  "1": {
    "NaturalistIntelligence": 2.545474408046264,
    "BodilyKinestheticIntelligence": 1.8735704516848815
  }
}