{
  "0": {
    "BodilyKinestheticIntelligence": 0.7902489849159064,
    "NaturalistIntelligence": 2.470509187009467,
    "LogicalMathematicalIntelligence": 1.6603152323222696,
    "MusicalIntelligence": 1.0540014420776505
  },
  "1": {
    "BodilyKinestheticIntelligence": 1.9471321391530734,
    "NaturalistIntelligence": 0.7852094072164948
  }
}