{
  "0": {
    "BodilyKinestheticIntelligence": 3.7359883594278482,
    "SpatialIntelligence": 3.9867760140582273,
    "LinguisticIntelligence": 1.143529605263158
  }
}