{
  "0": {
    "InterpersonalIntelligence": 3.4672115975305644,
    "LinguisticIntelligence": 4.27704821344325,
    "SpatialIntelligence": 2.2420107480405838,
    "BodilyKinestheticIntelligence": 1.9069245404359774
  }
}