{
  "0": {
    "LinguisticIntelligence": 1.2114812587208474,
    "SpatialIntelligence": 4.133196269636251,
    "IntrapersonalIntelligence": 0.7427601108032291,
    "InterpersonalIntelligence": 1.26225
  },
  "1": {
    "InterpersonalIntelligence": 4.772639071449971,
    "IntrapersonalIntelligence": 3.4979111504243026,
    "LinguisticIntelligence": 0.798287837837838
  }
}