{
  "0": {
    "LinguisticIntelligence": 3.634512712893033,
    "InterpersonalIntelligence": 3.134132694801285,
    "IntrapersonalIntelligence": 1.2821137417950552,
    "SpatialIntelligence": 1.6401614010989012,
    "BodilyKinestheticIntelligence": 0.5661373626373628
  },
  "1": {
    "InterpersonalIntelligence": 2.5225613978167383,
    "IntrapersonalIntelligence": 1.2576336206896555
  }
}