{
  "0": {
    "BodilyKinestheticIntelligence": 3.9553222364797644,
    "LinguisticIntelligence": 2.3341677432748025,
    "IntrapersonalIntelligence": 1.9774826436859447,
    "SpatialIntelligence": 0.9401592548076922,
    "InterpersonalIntelligence": 1.4915048076923079
  }
}