{
  "0": {
    "LinguisticIntelligence": 0.5932588967771322,
    "SpatialIntelligence": 1.4797177152317882
  }
}