{
  "0": {
    "BodilyKinestheticIntelligence": 3.788714369793222,
    "IntrapersonalIntelligence": 3.0168041399091408,
    "InterpersonalIntelligence": 3.760933636805094,
    "SpatialIntelligence": 0.6364785204213321
  }
}