{
  "0": {
    "LogicalMathematicalIntelligence": 1.979638458643467,
    "BodilyKinestheticIntelligence": 1.3962797459700118,
    "NaturalistIntelligence": 1.5690496299345238
  },
  "1": {
    "LogicalMathematicalIntelligence": 1.3613156153836794,
    "BodilyKinestheticIntelligence": 0.635428125,
    "NaturalistIntelligence": 0.5052911931818181
  }
}