{
  "0": {
    "LinguisticIntelligence": 2.5286130621433482,
    "BodilyKinestheticIntelligence": 2.679995994437527,
    "InterpersonalIntelligence": 1.3483125,
    "SpatialIntelligence": 1.5039389226100153
  }
}