{
  "0": {
    "BodilyKinestheticIntelligence": 4.9158687540610755,
    "SpatialIntelligence": 5.751978635091795,
    "LinguisticIntelligence": 0.6367726510067114
  }
}