{
  "0": {
    "BodilyKinestheticIntelligence": 6.306063671766708,
    "InterpersonalIntelligence": 2.31534709510238,
    "SpatialIntelligence": 2.339314024390244,
    "IntrapersonalIntelligence": 0.6489329268292684
  }
}