{
  "0": {
    "InterpersonalIntelligence": 2.400827873725564,
    "LinguisticIntelligence": 1.4169509329630796
  }
}