{
  "0": {
    "BodilyKinestheticIntelligence": 3.616807897258832,
    "LogicalMathematicalIntelligence": 2.3354882875138747,
    "IntrapersonalIntelligence": 1.042660149281056
  }
}