{
  "0": {
    "LinguisticIntelligence": 4.57922955140263,
    "BodilyKinestheticIntelligence": 1.219198185020441,
    "IntrapersonalIntelligence": 1.1795320695046487,
    "InterpersonalIntelligence": 2.2240395811233777,
    "SpatialIntelligence": 1.6619831916537868
  }
}