{
  "0": {
    "NaturalistIntelligence": 2.2673590520129694
  },
  "1": {
    "NaturalistIntelligence": 5.5635457231547925
  },
  "2": {
    "NaturalistIntelligence": 0.9726197775530125,
    "BodilyKinestheticIntelligence": 0.9522989281703238,
    "SpatialIntelligence": 0.7402808765805515,
    "MusicalIntelligence": 0.30087833772991596
  }
}