{
  "0": {
    "BodilyKinestheticIntelligence": 3.8952691111046414,
    "LinguisticIntelligence": 0.5892901137168572,
    "SpatialIntelligence": 1.5807497113163973,
    "InterpersonalIntelligence": 0.9581050808314089
  }
}