{
  "0": {
    "MusicalIntelligence": 0.3151777191549933,
    "NaturalistIntelligence": 0.4239820349608445
  },
  "1": {
    "InterpersonalIntelligence": 1.8939223277454857,
    "NaturalistIntelligence": 1.190571158381649
  }
}