{
  "0": {
    "LinguisticIntelligence": 2.205102545402905,
    "SpatialIntelligence": 5.277452497102836
  }
}