{
  "0": {
    "InterpersonalIntelligence": 3.2273701388205467,
    "LinguisticIntelligence": 0.631125,
    "SpatialIntelligence": 1.3483125
  }
}