{
  "0": {
    "BodilyKinestheticIntelligence": 5.482513609323777,
    "InterpersonalIntelligence": 2.036667924260711,
    "LogicalMathematicalIntelligence": 1.1869891385601385,
    "SpatialIntelligence": 3.703551630434783,
    "LinguisticIntelligence": 0.631125
  }
}