{
  "0": {
    "IntrapersonalIntelligence": 1.254018097754727,
    "BodilyKinestheticIntelligence": 0.7224710284543076,
    "LinguisticIntelligence": 1.3483125,
    "SpatialIntelligence": 0.7171875,
    "InterpersonalIntelligence": 0.5415300000000001
  }
}