{
  "0": {
    "BodilyKinestheticIntelligence": 4.746859344217781,
    "InterpersonalIntelligence": 0.631125,
    "SpatialIntelligence": 2.731466584158416,
    "LinguisticIntelligence": 0.7148205445544555
  }
}