{
  "0": {
    "SpatialIntelligence": 0.7672053521925895,
    "NaturalistIntelligence": 1.1415535463715831
  },
  "1": {
    "SpatialIntelligence": 4.088424160857934,
    "NaturalistIntelligence": 1.2504338513460393
  }
}