{
  "0": {
    "BodilyKinestheticIntelligence": 1.8261032259410444,
    "LogicalMathematicalIntelligence": 0.7671445842536015,
    "InterpersonalIntelligence": 0.3967417464961961,
    "SpatialIntelligence": 0.8145200892857142
  },
  "1": {
    "BodilyKinestheticIntelligence": 0.7125604838709677
  }
}