{
  "0": {
    "NaturalistIntelligence": 2.2810733773607397,
    "BodilyKinestheticIntelligence": 2.249997968404572,
    "LogicalMathematicalIntelligence": 0.2675967941604927
  },
  "1": {
    "LogicalMathematicalIntelligence": 0.5592102547871213,
    "NaturalistIntelligence": 0.5758593750000001
  }
}