{
  "0": {
    "LinguisticIntelligence": 1.8226384953121104,
    "InterpersonalIntelligence": 1.7894933977096816,
    "BodilyKinestheticIntelligence": 1.7436278773735014,
    "IntrapersonalIntelligence": 1.0264403773735014
  }
}