{
  "0": {
    "SpatialIntelligence": 2.457104022083393,
    "BodilyKinestheticIntelligence": 2.720003931960254
  }
}