{
  "0": {
    "InterpersonalIntelligence": 6.773101667748048,
    "LinguisticIntelligence": 3.120311739521114
  }
}