{
  "0": {
    "NaturalistIntelligence": 2.27060266706997,
    "InterpersonalIntelligence": 1.2382355206385156
  },
  "1": {
    "NaturalistIntelligence": 2.327338906023912,
    "BodilyKinestheticIntelligence": 0.5961031432801862,
    "LogicalMathematicalIntelligence": 0.9955856752476905
  }
}