{
  "0": {
    "LinguisticIntelligence": 4.484811165863356,
    "SpatialIntelligence": 2.2038577385594875,
    "BodilyKinestheticIntelligence": 0.5745338114754099,
    "IntrapersonalIntelligence": 0.631125
  }
}