{
  "0": {
    "SpatialIntelligence": 4.621838761153051,
    "LinguisticIntelligence": 3.3179196028200604,
    "BodilyKinestheticIntelligence": 1.3643973988439306,
    "InterpersonalIntelligence": 0.6007239884393064
  }
}