{
  "0": {
    "InterpersonalIntelligence": 2.175891444445796,
    "LinguisticIntelligence": 2.9424462721994296,
    "IntrapersonalIntelligence": 0.4587732223248766,
    "BodilyKinestheticIntelligence": 0.7171875
  }
}