{
  "0": {
    "LinguisticIntelligence": 1.1749759478391486,
    "InterpersonalIntelligence": 2.363826975123768,
    "SpatialIntelligence": 0.9471211217183771,
    "BodilyKinestheticIntelligence": 0.8603967780429596,
    "IntrapersonalIntelligence": 0.54978669451074
  },
  "1": {
    "IntrapersonalIntelligence": 3.0759668995694396,
    "InterpersonalIntelligence": 1.7496852486538028
  }
}