{
  "0": {
    "BodilyKinestheticIntelligence": 2.0356924498779794,
    "SpatialIntelligence": 0.6633853352411241,
    "InterpersonalIntelligence": 0.926707024587047
  },
  "1": {
    "LinguisticIntelligence": 1.7986053570330176,
    "BodilyKinestheticIntelligence": 1.089662932161857
  }
}