{
  "0": {
    "BodilyKinestheticIntelligence": 7.30942134537805,
    "InterpersonalIntelligence": 1.0992808196920412,
    "SpatialIntelligence": 4.375598684210527,
    "IntrapersonalIntelligence": 0.4544100000000001
  }
}