{
  "0": {
    "BodilyKinestheticIntelligence": 1.5196790178822814,
    "InterpersonalIntelligence": 0.46946843097167845
  },
  "1": {
    "BodilyKinestheticIntelligence": 3.1968064880905502,
    "LinguisticIntelligence": 0.6324047559581393,
    "InterpersonalIntelligence": 0.631125
  }
}