{
  "0": {
    "BodilyKinestheticIntelligence": 3.98309659952019,
    "InterpersonalIntelligence": 2.6686036268951776,
    "SpatialIntelligence": 0.6238731412639404
  }
}