{
  "0": {
    "InterpersonalIntelligence": 3.093633332454152,
    "IntrapersonalIntelligence": 2.5567618133415664,
    "LinguisticIntelligence": 0.631125,
    "SpatialIntelligence": 0.7171875
  }
}