{
  "0": {
    "LogicalMathematicalIntelligence": 0.7931125576336232,
    "BodilyKinestheticIntelligence": 1.1887549012463916,
    "IntrapersonalIntelligence": 0.6574259945784086
  },
  "1": {
    "LogicalMathematicalIntelligence": 3.4695706248942746,
    "MusicalIntelligence": 0.39724725146808804,
    "BodilyKinestheticIntelligence": 0.3224345155176236
  }
}