{
  "0": {
    "LogicalMathematicalIntelligence": 2.7802321909411054,
    "SpatialIntelligence": 3.8585066834166923,
    "LinguisticIntelligence": 0.6501869851729819
  }
}