{
  "0": {
    "LogicalMathematicalIntelligence": 1.9276188442104922,
    "LinguisticIntelligence": 2.4486875347817914,
    "BodilyKinestheticIntelligence": 1.4713496120359288,
    "MusicalIntelligence": 2.052882918885486
  }
}