{
  "0": {
    "BodilyKinestheticIntelligence": 2.3580466752552773,
    "LinguisticIntelligence": 3.209704181067068,
    "LogicalMathematicalIntelligence": 0.5339266115629948,
    "InterpersonalIntelligence": 0.5412735849056604
  }
}